,City Name,Longitude,Latitude,Temperature,Humidity,Cloud Percent,Wind Speed (mph),Max Temperature,DateTime,Country
0,Fort Nelson,-122.7002,58.8053,57.65,48,13,6.67,57.65,1632164450,CA
1,Lebu,-73.65,-37.6167,52.88,70,0,20.76,52.88,1632164468,CL
2,Hilo,-155.09,19.7297,76.39,72,98,4.47,76.39,1632164409,US
3,Bluff,168.3333,-46.6,47.61,89,100,16.51,47.61,1632164428,NZ
4,Petropavlovsk-Kamchatskiy,158.6483,53.0452,36.19,93,0,8.95,36.19,1632164429,RU
5,Vaini,-175.2,-21.2,72.66,69,88,16.98,72.66,1632164552,TO
6,Busselton,115.3333,-33.65,51.1,69,0,9.95,51.1,1632164429,AU
7,Rikitea,-134.9692,-23.1203,74.12,76,4,17.69,74.12,1632164430,PF
8,Sinnamary,-52.95,5.3833,85.37,66,16,11.1,85.37,1632164431,GF
9,Tezu,96.1667,27.9167,75.09,80,21,4.0,75.09,1632164431,IN
10,Saint George,-113.5841,37.1041,81.07,21,0,1.57,81.07,1632164416,US
11,Kondopoga,34.2614,62.2057,44.28,74,87,7.72,44.28,1632164432,RU
12,Aykhal,111.5,66.0,35.1,81,100,5.48,35.1,1632164554,RU
13,Snezhnogorsk,33.2531,69.1933,31.78,79,24,10.07,31.78,1632164433,RU
14,Acapulco de Juárez,-99.8901,16.8634,85.37,67,83,5.23,85.37,1632164357,MX
15,Arraial do Cabo,-42.0278,-22.9661,71.87,85,18,25.39,71.87,1632164555,BR
16,Havøysund,24.6622,70.9963,44.83,68,10,20.76,45.48,1632164556,NO
17,Hithadhoo,73.0833,-0.6,83.8,72,99,11.41,83.8,1632164557,MV
18,Pell City,-86.2861,33.5862,79.14,83,90,0.0,84.38,1632164558,US
19,Leningradskiy,178.4167,69.3833,20.93,85,100,10.54,20.93,1632164559,RU
20,Jamestown,-79.2353,42.097,77.43,62,100,9.6,77.43,1632164337,US
21,Deniliquin,144.9667,-35.5333,37.58,85,9,14.25,37.58,1632164560,AU
22,Ahtopol,27.95,42.1,70.27,87,73,3.31,70.27,1632164560,BG
23,Bar Harbor,-68.2039,44.3876,66.34,45,1,9.22,70.29,1632164561,US
24,Taoudenni,-3.9836,22.6783,103.75,8,0,10.09,103.75,1632164563,ML
25,Saint-Philippe,55.7679,-21.3585,67.59,83,86,14.14,67.59,1632164563,RE
26,Raudeberg,5.1352,61.9875,52.48,76,100,25.03,56.98,1632164564,NO
27,Pouembout,164.9,-21.1333,67.08,68,82,4.38,67.08,1632164565,NC
28,Ţahţā,31.5021,26.7693,94.24,17,0,16.73,94.24,1632164565,EG
29,Zitlala,-99.0833,17.6333,72.86,56,25,3.6,72.86,1632164566,MX
30,Aksarka,67.7975,66.5606,37.04,83,100,9.37,37.04,1632164567,RU
31,Fortuna,-124.1573,40.5982,63.52,72,1,9.22,66.54,1632164568,US
32,Yellowknife,-114.3525,62.456,42.46,68,100,2.19,42.46,1632164480,CA
33,Chui,-53.4616,-33.6971,67.23,87,87,9.53,67.23,1632164568,UY
34,Tasiilaq,-37.6368,65.6145,39.36,70,100,7.47,39.36,1632164569,GL
35,Ribeira Grande,-28.7,38.5167,73.8,68,40,17.27,73.8,1632164570,PT
36,Kuusamo,29.1833,65.9667,39.24,75,90,10.36,39.24,1632164571,FI
37,Lorengau,147.2712,-2.0226,78.84,84,100,6.11,78.84,1632164572,PG
38,Ushuaia,-68.3,-54.8,42.46,65,90,10.36,47.82,1632164275,AR
39,Puerto Escondido,-97.0667,15.85,88.63,62,75,8.05,88.63,1632164573,MX
40,Westport,-73.3579,41.1415,75.49,51,13,7.81,75.49,1632164277,US
41,Nikolskoye,30.7861,59.7035,44.49,68,98,8.93,44.49,1632164573,RU
42,Henties Bay,14.2845,-22.116,55.74,86,0,7.81,55.74,1632164574,NA
43,Dakar,-17.4441,14.6937,86.88,83,8,18.61,86.88,1632164499,SN
44,Batagay-Alyta,130.4114,67.8006,29.32,85,82,2.62,29.32,1632164574,RU
45,Torbay,-52.7314,47.6666,48.06,73,36,28.34,48.06,1632164450,CA
46,Mataura,168.8643,-46.1927,41.27,93,100,2.17,41.27,1632164575,NZ
47,Puerto Ayora,-90.3518,-0.7393,69.82,79,96,12.37,69.82,1632164575,EC
48,Mandalgovi,106.2708,45.7625,51.73,62,0,1.21,51.73,1632164577,MN
49,Punta Arenas,-70.9167,-53.15,46.06,82,100,15.12,46.06,1632164506,CL
50,Buraidah,43.975,26.326,84.9,15,0,9.37,84.9,1632164578,SA
51,Iqaluit,-68.5145,63.7506,32.04,64,100,7.16,32.04,1632164500,CA
52,Den Helder,4.7593,52.9599,58.68,63,20,8.05,60.78,1632164494,NL
53,Matamoros,-103.25,25.5333,92.32,22,5,2.04,92.32,1632164434,MX
54,Biak,122.8766,-0.9131,74.55,90,100,2.44,74.55,1632164579,ID
55,Rafaela,-61.4867,-31.2503,76.33,38,0,19.15,76.33,1632164580,AR
56,Tres Arroyos,-60.2798,-38.3739,56.3,44,0,16.11,56.3,1632164581,AR
57,Wajir,40.0573,1.7471,84.88,36,21,24.2,84.88,1632164581,KE
58,Balabac,117.0645,7.9868,79.65,77,84,1.83,79.65,1632164582,PH
59,Damietta,31.8133,31.4165,79.21,83,0,9.22,79.21,1632164583,EG
60,Atuona,-139.0333,-9.8,77.65,74,79,20.38,77.65,1632164584,PF
61,Portland,-122.6762,45.5234,59.14,82,40,5.75,64.38,1632164084,US
62,Pisco,-76.2167,-13.7,66.51,65,14,8.61,66.51,1632164585,PE
63,Cape Town,18.4232,-33.9258,56.28,59,0,11.99,56.28,1632164543,ZA
64,Plátanos,21.6167,37.6667,74.05,86,0,0.69,75.76,1632164586,GR
65,Cianorte,-52.605,-23.6633,99.93,15,1,7.18,99.93,1632164586,BR
66,Mehamn,27.8492,71.0357,40.95,65,0,8.05,44.78,1632164587,NO
67,Port Elizabeth,25.5701,-33.918,57.49,62,20,20.71,57.49,1632164588,ZA
68,Mount Gambier,140.7667,-37.8333,44.58,72,77,11.5,44.58,1632164589,AU
69,Tuktoyaktuk,-133.0374,69.4541,40.93,71,99,12.41,40.93,1632164590,CA
70,Bredasdorp,20.0403,-34.5322,48.15,71,4,5.46,48.15,1632164590,ZA
71,Port Alfred,26.891,-33.5906,58.23,60,14,34.78,58.23,1632164591,ZA
72,Amazar,120.875,53.858,45.21,95,0,1.99,45.21,1632164592,RU
73,Two Hills,-111.7518,53.7169,60.04,41,83,14.61,60.04,1632164593,CA
74,Zdvinsk,78.661,54.7021,37.24,95,99,11.81,37.24,1632164594,RU
75,Kapaa,-159.319,22.0752,80.92,74,75,16.11,82.38,1632164595,US
76,Guaymas,-110.9,27.9333,90.77,70,40,6.91,90.77,1632164595,MX
77,Kutum,24.6667,14.2,83.61,30,97,6.24,83.61,1632164596,SD
78,Albany,-73.9662,42.6001,72.21,47,7,7.63,72.21,1632164320,US
79,Balezino,53.0106,57.9796,33.98,86,24,4.05,33.98,1632164597,RU
80,Umluj,37.2685,25.0213,87.62,56,11,8.57,87.62,1632164598,SA
81,Qaanaaq,-69.3632,77.484,16.18,71,84,9.15,16.18,1632164599,GL
82,Ol'ga,135.2892,43.7444,56.61,80,100,2.37,56.61,1632164599,RU
83,Beitbridge,30.0,-22.2167,78.64,27,0,10.98,78.64,1632164600,ZW
84,Dongsheng,109.9776,39.8161,56.82,51,0,6.73,56.82,1632164600,CN
85,Hong Kong,114.1577,22.2855,84.25,80,89,5.79,84.25,1632164412,HK
86,Coahuayana Viejo,-103.6833,18.7333,87.28,59,91,4.63,87.28,1632164601,MX
87,Tabou,-7.3528,4.423,77.74,87,65,5.75,77.74,1632164602,CI
88,Bonthe,-12.505,7.5264,78.8,82,98,9.17,78.8,1632164603,SL
89,Katsuura,140.3,35.1333,69.91,78,17,9.4,69.91,1632164604,JP
90,Pangnirtung,-65.7125,66.1451,34.9,55,86,3.6,34.9,1632164604,CA
91,Murgab,61.9714,37.4966,70.77,23,0,9.28,70.77,1632164605,TM
92,Klaksvík,-6.589,62.2266,52.72,79,18,38.01,52.72,1632164606,FO
93,Provideniya,-173.3,64.3833,35.26,61,94,3.27,35.26,1632164607,RU
94,Dunedin,170.5036,-45.8742,52.63,65,100,8.01,52.63,1632164498,NZ
95,São Mateus,-39.8589,-18.7161,80.37,57,39,7.87,80.37,1632164410,BR
96,Bengkulu,102.2655,-3.8004,76.44,87,100,3.11,76.44,1632164608,ID
97,Dumas,-101.9732,35.8656,77.14,29,1,14.97,81.82,1632164609,US
98,Apatou,-54.3472,5.155,85.42,63,100,3.6,85.42,1632164610,GF
99,Okhotsk,143.3,59.3833,43.92,69,99,14.85,43.92,1632164611,RU
100,Natitingou,1.3796,10.3042,75.83,80,37,2.21,75.83,1632164612,BJ
101,Comodoro Rivadavia,-67.5,-45.8667,58.86,36,0,11.5,58.86,1632164392,AR
102,Sørland,12.6934,67.667,49.86,85,100,23.67,49.86,1632164613,NO
103,Sambava,50.1667,-14.2667,71.47,73,59,13.69,71.47,1632164614,MG
104,Avarua,-159.775,-21.2078,77.05,88,90,5.75,77.05,1632164614,CK
105,Kruisfontein,24.7314,-34.0033,52.97,61,14,23.49,52.97,1632164615,ZA
106,Upernavik,-56.1549,72.7868,30.51,77,100,8.59,30.51,1632164616,GL
107,Guerrero Negro,-114.0611,27.9769,78.6,51,0,9.6,78.6,1632164617,MX
108,George Town,100.3354,5.4112,78.73,94,40,0.0,78.73,1632164515,MY
109,Bambous Virieux,57.7575,-20.3428,69.12,74,35,17.78,69.12,1632164618,MU
110,Lüderitz,15.1594,-26.6481,61.23,61,0,25.57,61.23,1632164619,NA
111,Ahipara,173.1667,-35.1667,51.24,87,5,3.04,51.24,1632164620,NZ
112,Saint Paul Harbor,-152.4072,57.79,49.39,83,98,17.98,49.39,1632164456,US
113,Yangi Marg`ilon,71.7189,40.4272,62.02,23,0,4.76,62.02,1632164621,UZ
114,Moree,149.85,-29.4667,46.62,72,3,12.12,46.62,1632164419,AU
115,Andros Town,-77.7667,24.7,89.56,66,5,12.97,89.56,1632164594,BS
116,Pevek,170.3133,69.7008,26.31,83,97,4.45,26.31,1632164622,RU
117,Isangel,169.2667,-19.55,69.33,74,26,11.14,69.33,1632164623,VU
118,Turukhansk,87.9833,65.8167,34.02,93,100,8.46,34.02,1632164623,RU
119,Narsaq,-46.05,60.9167,43.02,60,3,1.21,43.02,1632164590,GL
120,Ilhéus,-39.0494,-14.7889,79.77,66,9,7.36,79.77,1632164528,BR
121,Kahului,-156.47,20.8947,82.42,57,20,18.41,83.46,1632164624,US
122,Hobart,147.3294,-42.8794,44.46,57,75,14.97,44.46,1632164625,AU
123,Visby,18.296,57.6409,46.62,81,20,10.36,46.62,1632164625,SE
124,Kenai,-151.2583,60.5544,46.45,87,75,16.11,46.49,1632164626,US
125,Norman Wells,-126.8329,65.282,49.82,58,23,10.8,49.82,1632164627,CA
126,East London,27.9116,-33.0153,59.52,56,83,26.49,59.52,1632164627,ZA
127,Butaritari,172.7902,3.0707,82.35,77,58,12.06,82.35,1632164628,KI
128,Pongol,124.7483,8.2786,66.51,94,60,3.69,66.51,1632164629,PH
129,Pleshanovo,53.4833,52.8333,42.84,52,100,9.1,42.84,1632164630,RU
130,High Level,-117.136,58.5169,56.79,47,6,6.15,56.79,1632164631,CA
131,Hamilton,-84.5333,39.1834,72.41,91,90,4.61,76.75,1632164631,US
132,Lagoa,-27.9833,39.05,69.82,69,0,10.6,69.82,1632164632,PT
133,Eenhana,16.3333,-17.4667,80.69,23,74,5.79,80.69,1632164633,NA
134,Yulara,130.9889,-25.2406,55.24,33,0,13.8,55.24,1632164634,AU
135,Rio Grande,-52.0986,-32.035,68.11,96,97,7.05,68.11,1632164635,BR
136,Bariloche,-71.3082,-41.1456,60.55,17,0,4.61,60.55,1632164636,AR
137,Xinpu,119.1594,34.5997,62.89,93,0,6.8,62.89,1632164422,CN
138,Vardø,31.1107,70.3705,42.78,65,0,19.57,44.8,1632164637,NO
139,Lima,-77.0282,-12.0432,62.85,68,75,8.05,62.85,1632164637,PE
140,Ancud,-73.8203,-41.8697,53.13,64,1,5.28,53.13,1632164638,CL
141,Thompson,-97.8558,55.7435,50.16,76,75,6.91,50.16,1632164466,CA
142,Port Lincoln,135.8667,-34.7333,51.87,60,83,17.45,51.87,1632164639,AU
143,Longyearbyen,15.6401,78.2186,41.34,97,100,5.53,41.34,1632164640,SJ
144,Itacarambi,-44.0919,-15.1022,98.87,17,33,4.47,98.87,1632164640,BR
145,Darhan,105.9228,49.4867,54.23,75,100,6.78,54.23,1632164641,MN
146,St. George's,-61.7485,12.0564,87.48,70,20,11.5,87.48,1632164641,GD
147,Saskylakh,114.0833,71.9167,31.46,87,100,4.52,31.46,1632164642,RU
148,Coffs Harbour,153.1333,-30.3,58.96,77,40,13.8,58.96,1632164643,AU
149,Eureka,-124.1637,40.8021,63.79,59,0,10.25,63.79,1632164412,US
150,Half Moon Bay,-122.4286,37.4636,76.87,25,1,0.0,84.02,1632164645,US
151,Hermanus,19.2345,-34.4187,54.59,61,6,4.56,54.59,1632164645,ZA
152,Jiblah,44.1467,13.9216,66.72,71,100,3.18,66.72,1632164646,YE
153,Kabala,-11.55,9.5833,75.11,84,100,2.28,75.11,1632164647,SL
154,Qasigiannguit,-51.1922,68.8193,28.65,66,100,2.59,28.65,1632164648,GL
155,Vao,167.4833,-22.6667,70.07,61,86,18.63,70.07,1632164648,NC
156,Mar del Plata,-57.5575,-38.0023,52.81,77,90,22.91,52.81,1632164568,AR
157,Kołobrzeg,15.5834,54.1757,53.46,70,36,10.65,53.46,1632164649,PL
158,Tanout,8.8879,14.9709,95.4,13,35,8.32,95.4,1632164649,NE
159,Khatanga,102.5,71.9667,32.43,99,100,1.23,32.43,1632164650,RU
160,San Quintín,-115.95,30.4833,74.52,60,0,7.99,74.52,1632164650,MX
161,Rundu,19.7667,-17.9333,79.45,23,6,2.59,79.45,1632164651,NA
162,Souillac,57.5167,-20.5167,68.58,75,39,16.15,68.58,1632164652,MU
163,Barrhead,-4.3929,55.7992,57.07,88,75,9.22,58.73,1632164653,GB
164,Lavrentiya,-171.0,65.5833,31.48,63,11,5.91,31.48,1632164654,RU
165,Pacific Grove,-121.9166,36.6177,77.49,43,1,6.91,82.08,1632164654,US
166,Chokurdakh,147.9167,70.6333,22.86,87,93,7.4,22.86,1632164655,RU
167,Codrington,141.9667,-38.2667,45.39,67,96,19.08,45.39,1632164656,AU
168,Timrå,17.3257,62.487,40.68,93,90,2.3,42.51,1632164657,SE
169,Dalvik,-18.5286,65.9702,41.72,97,100,8.19,41.72,1632164658,IS
170,Gambēla,34.5833,8.25,68.2,97,100,4.0,68.2,1632164658,ET
171,Aklavik,-135.0107,68.2191,43.79,65,100,0.36,43.79,1632164658,CA
172,Hilton Head,-80.7526,32.2163,77.47,89,75,0.0,78.8,1632164659,US
173,Jālna,75.8833,19.8333,75.7,86,99,5.61,75.7,1632164660,IN
174,Kaputa,29.6619,-8.4689,78.93,39,0,1.66,78.93,1632164661,ZM
175,Waipawa,175.5153,-41.4122,52.43,78,13,18.59,52.43,1632164662,NZ
176,Severo-Kuril'sk,156.125,50.6789,47.89,83,54,27.13,47.89,1632164662,RU
177,Duku,4.9073,11.2361,80.2,77,100,3.62,80.2,1632164663,NG
178,Qeshm,56.2719,26.9581,89.47,76,5,5.61,89.47,1632164663,IR
179,Goderich,-81.7165,43.7501,77.43,62,100,12.66,77.43,1632164664,CA
180,Zhigansk,123.3711,66.7697,31.75,78,100,4.25,31.75,1632164665,RU
181,Ulladulla,150.4667,-35.35,44.67,74,75,7.61,44.67,1632164666,AU
182,Nivala,24.9667,63.9167,36.57,87,6,6.31,36.57,1632164667,FI
183,Beringovskiy,179.3167,63.05,41.13,94,100,7.4,41.13,1632164667,RU
184,Mawlaik,94.4167,23.6333,73.38,99,100,0.58,73.38,1632164668,MM
185,Amapá,-52.0,1.0,92.68,40,89,1.88,92.68,1632164669,BR
186,Tambun,107.0712,-6.2641,78.69,70,96,1.5,78.69,1632164670,ID
187,Zeerust,26.0751,-25.5369,65.77,14,0,10.11,65.77,1632164671,ZA
188,São Filipe,-24.4956,14.8961,80.69,81,67,2.1,80.69,1632164672,CV
189,Belize,-88.75,17.25,95.32,52,52,7.87,95.32,1632164672,BZ
190,Faanui,-151.75,-16.4833,78.62,69,13,15.12,78.62,1632164673,PF
191,Cidreira,-50.2056,-30.1811,69.04,91,91,3.65,69.04,1632164674,BR
192,El Tigre,-64.2454,8.8875,86.25,54,100,6.17,86.25,1632164559,VE
193,Sikasso,-7.0,10.9167,80.55,70,1,3.04,80.55,1632164675,ML
194,Manuk Mangkaw,119.85,4.8,82.2,70,100,3.15,82.2,1632164675,PH
195,Whitehorse,-135.0538,60.7161,45.37,76,75,16.11,45.37,1632164387,CA
196,Fuerte Olimpo,-57.8738,-21.0415,109.27,9,5,9.84,109.27,1632164676,PY
197,Nishihara,127.7558,26.1842,80.31,78,20,0.0,80.65,1632164676,JP
198,Mopti,-4.0,14.6667,96.08,28,16,0.92,96.08,1632164678,ML
199,Mâncio Lima,-72.8958,-7.6142,91.9,44,100,2.77,91.9,1632164678,BR
200,Sergeevka,67.4158,53.88,35.67,93,37,7.16,35.67,1632164679,KZ
201,Nianzishan,122.8833,47.5167,50.11,79,100,5.06,50.11,1632164680,CN
202,Husavik,-17.3389,66.0449,41.99,97,100,21.94,41.99,1632164680,IS
203,Nadym,72.5167,65.5333,36.41,97,100,16.6,36.41,1632164681,RU
204,Srednekolymsk,153.6833,67.45,27.3,80,100,14.54,27.3,1632164681,RU
205,Kavieng,150.7967,-2.5744,80.37,76,100,3.71,80.37,1632164682,PG
206,Coquimbo,-71.3436,-29.9533,64.13,59,0,14.97,64.13,1632164683,CL
207,Give,9.25,55.8398,49.55,87,90,2.3,50.99,1632164684,DK
208,Erenhot,111.9767,43.6475,57.4,64,54,7.23,57.4,1632164685,CN
209,Bulnes,-72.2985,-36.7423,66.96,36,0,10.83,66.96,1632164685,CL
210,Naryan-Mar,53.087,67.6713,37.51,88,100,12.33,37.51,1632164686,RU
211,San Luis,-66.3356,-33.295,57.7,46,59,17.36,57.7,1632164687,AR
212,Meulaboh,96.1285,4.1363,75.47,91,91,4.88,75.47,1632164687,ID
213,São João da Barra,-41.0511,-21.6403,78.89,80,5,17.02,78.89,1632164688,BR
214,Dikson,80.5464,73.5069,34.72,75,100,7.99,34.72,1632164689,RU
215,Arrondissement de Cahors,1.3333,44.4167,58.5,87,98,3.49,58.5,1632164604,FR
216,Acajutla,-89.8275,13.5928,84.42,72,93,5.57,84.42,1632164690,SV
217,Morant Bay,-76.4093,17.8815,87.42,74,60,6.33,87.42,1632164690,JM
218,Msanga,36.0333,-6.05,69.17,63,0,8.88,69.17,1632164691,TZ
219,North Bend,-124.2243,43.4065,67.91,56,1,3.44,67.91,1632164691,US
220,Prince Rupert,-130.3201,54.3161,53.69,87,90,13.8,53.69,1632164609,CA
221,Shubarshi,57.1869,48.5872,51.62,25,52,8.21,51.62,1632164692,KZ
222,Palmer,-72.3287,42.1584,72.73,44,0,4.72,74.01,1632164693,US
223,Kamenka,42.7678,51.3223,49.3,74,100,15.82,49.3,1632164694,RU
224,Praia da Vitória,-27.0667,38.7333,70.0,69,0,10.78,70.0,1632164695,PT
225,Siraha,86.2087,26.6541,78.48,86,9,4.0,78.48,1632164696,NP
226,Toora-Khem,96.11,52.4675,31.12,93,100,2.64,31.12,1632164696,RU
227,Solhan,41.0293,38.9634,62.76,39,3,5.68,62.76,1632164697,TR
228,Jumla,82.1838,29.2747,60.58,95,92,0.34,60.58,1632164584,NP
229,Jalu,21.5482,29.0331,90.43,18,0,10.02,90.43,1632164698,LY
230,College,-147.8028,64.8569,34.65,69,90,5.75,35.55,1632164699,US
231,Sijunjung,100.9537,-0.6876,70.77,98,81,2.15,70.77,1632164699,ID
232,Los Andes,-70.5983,-32.8337,63.88,29,0,5.44,65.97,1632164700,CL
233,Traverse City,-85.6206,44.7631,78.6,65,90,3.44,78.91,1632164701,US
234,Puerto Asís,-76.5007,0.5133,91.96,37,97,1.77,91.96,1632164702,CO
235,Havre-St-Pierre,-63.5986,50.2334,53.06,54,0,5.82,53.06,1632164703,CA
236,Yafran,12.5286,32.0633,80.15,29,0,4.56,80.15,1632164717,LY
237,Launceston,147.1667,-41.45,38.84,70,7,9.22,38.84,1632164717,AU
238,Leh,77.5833,34.1667,59.72,46,97,5.19,59.72,1632164718,IN
239,Port Blair,92.75,11.6667,81.1,82,100,10.29,81.1,1632164719,IN
240,San Patricio,-97.5169,28.017,94.08,41,0,11.21,97.21,1632164719,US
241,Baker City,-117.8344,44.7749,56.91,51,1,4.61,56.91,1632164720,US
242,Bethel,-73.414,41.3712,74.28,50,20,9.22,75.31,1632164720,US
243,Contamana,-75.0167,-7.3333,95.09,36,100,2.57,95.09,1632164721,PE
244,Shiyan,110.7781,32.6475,64.85,85,0,6.26,64.85,1632164722,CN
245,Gayéri,0.4931,12.6497,82.51,63,49,0.54,82.51,1632164723,BF
246,Hasaki,140.8333,35.7333,64.8,70,14,10.02,64.8,1632164723,JP
247,Ponta do Sol,-17.1,32.6667,72.23,77,13,3.31,72.23,1632164723,PT
248,Palafrugell,3.1631,41.9174,59.76,75,100,12.64,59.76,1632164724,ES
249,Touros,-35.4608,-5.1989,83.3,62,52,16.67,83.3,1632164724,BR
250,Sterling,-77.4286,39.0062,77.58,52,75,4.61,78.94,1632164725,US
251,Mishan,131.8833,45.55,56.59,96,100,6.89,56.59,1632164726,CN
252,Port-Gentil,8.7815,-0.7193,77.67,82,100,12.88,77.67,1632164726,GA
253,Barrow,-156.7887,71.2906,30.22,80,90,20.71,30.22,1632164726,US
254,Adeje,-16.726,28.1227,72.73,64,75,20.71,74.28,1632164727,ES
255,Uarini,-65.1083,-2.99,86.88,59,100,1.72,86.88,1632164728,BR
256,Nanortalik,-45.2371,60.1432,37.81,75,5,15.17,37.81,1632164729,GL
257,Laï,16.2989,9.3952,74.05,83,100,4.05,74.05,1632164730,TD
258,Pandamatenga,25.627,-18.5278,75.43,26,0,6.24,75.43,1632164731,BW
259,Dali,100.1833,25.7,58.23,83,11,1.66,58.23,1632164731,CN
260,Carnarvon,113.6333,-24.8667,64.47,25,0,10.36,64.47,1632164732,AU
261,Zuwārah,12.082,32.9312,80.62,83,0,17.29,80.62,1632164733,LY
262,Chipata,32.65,-13.6333,70.75,32,1,5.7,70.75,1632164734,ZM
263,Bambanglipuro,110.2833,-7.95,74.95,88,88,2.39,74.95,1632164734,ID
264,Belmonte,-38.8828,-15.8631,79.3,68,54,8.7,79.3,1632164735,BR
265,Geraldton,114.6,-28.7667,64.81,48,0,16.11,64.81,1632164736,AU
266,Tambovka,128.0489,50.0969,46.65,85,100,2.62,46.65,1632164737,RU
267,Florianópolis,-48.5012,-27.6146,76.23,69,20,10.36,76.23,1632164738,BR
268,Mahabad,45.7222,36.7631,67.62,30,0,8.08,67.62,1632164739,IR
269,Vostok,135.8833,46.4856,45.23,86,100,4.32,45.23,1632164740,RU
270,Xining,101.7667,36.6167,49.03,40,0,2.51,49.03,1632164741,CN
271,Mahébourg,57.7,-20.4081,69.04,73,44,16.96,69.04,1632164741,MU
272,El Rodeo (El Naranjo),-98.6,21.4667,86.67,69,86,4.45,86.67,1632164591,MX
273,Morrisburg,-75.1826,44.9001,73.63,35,100,5.55,77.72,1632164742,CA
274,Cumberland,-78.8664,35.0502,86.85,46,40,12.66,90.03,1632164742,US
275,Jasper,-94.3502,37.2001,93.25,40,40,16.11,93.25,1632164743,US
276,Ust-Maya,134.5333,60.4167,33.69,97,100,3.62,33.69,1632164744,RU
277,Neftçala,49.2472,39.3742,73.33,69,3,4.07,73.33,1632164744,AZ
278,Huarmey,-78.1522,-10.0681,67.64,69,5,11.54,67.64,1632164745,PE
279,Pachelma,43.3521,53.2443,43.23,93,100,19.57,43.23,1632164746,RU
280,Ubari,12.7805,26.5921,85.78,17,0,8.25,85.78,1632164746,LY
281,Mount Isa,139.5,-20.7333,69.57,23,100,23.02,69.57,1632164747,AU
282,Tiksi,128.8694,71.6872,31.75,71,100,5.48,31.75,1632164748,RU
283,Rawson,-65.1023,-43.3002,61.74,30,0,1.97,61.74,1632164749,AR
284,Bensonville,-10.6125,6.4461,75.78,88,77,4.68,75.78,1632164749,LR
285,Venado Tuerto,-61.9688,-33.7456,70.79,43,100,16.87,70.79,1632164750,AR
286,Netanya,34.8599,32.3329,80.62,73,0,6.46,80.62,1632164539,IL
287,Xai-Xai,33.6442,-25.0519,71.06,57,4,14.5,71.06,1632164751,MZ
288,Egvekinot,-179.1667,66.3167,20.64,69,6,5.64,20.64,1632164752,RU
289,Hofn,-15.2082,64.2539,53.62,62,40,16.11,53.62,1632164753,IS
290,Curanilahue,-73.35,-37.4667,61.36,43,0,6.73,61.36,1632164753,CL
291,Ambérieu-en-Bugey,5.3432,45.9589,58.59,99,100,4.36,58.98,1632164754,FR
292,Abéché,20.8324,13.8292,78.24,70,100,10.47,78.24,1632164755,TD
293,Viedma,-62.9967,-40.8135,65.01,21,0,13.15,65.01,1632164756,AR
294,Chernyshevsk,117.0174,52.5243,46.2,89,99,2.13,46.2,1632164757,RU
295,Penzance,-5.5371,50.1186,59.68,87,4,7.63,59.68,1632164758,GB
296,Zhangjiakou,114.8794,40.81,53.51,85,100,6.53,53.51,1632164758,CN
297,Birjand,59.2211,32.8663,71.92,19,0,7.4,71.92,1632164758,IR
298,New Norfolk,147.0587,-42.7826,44.1,95,52,3.89,44.1,1632164759,AU
299,Biryukove,39.7384,47.9563,61.11,77,88,7.0,61.11,1632164760,UA
300,Esperance,121.9,-33.8667,45.48,86,33,12.33,45.48,1632164761,AU
301,Laguna,-121.4238,38.421,79.52,26,1,14.97,84.49,1632164762,US
302,Hualmay,-77.6139,-11.0964,65.97,70,13,10.56,65.97,1632164763,PE
303,Genhe,121.5167,50.7833,45.7,76,100,2.64,45.7,1632164763,CN
304,Sainte-Maxime,6.6333,43.3,70.43,58,1,4.92,72.52,1632164764,FR
305,Yurimaguas,-76.0833,-5.9,94.15,40,100,2.84,94.15,1632164765,PE
306,Pundaguitan,126.1689,6.3711,81.07,74,70,5.53,81.07,1632164766,PH
307,Katima Mulilo,24.2667,-17.5,80.11,15,0,9.93,80.11,1632164767,NA
308,Yavas,42.8491,54.4159,43.23,90,100,15.05,43.23,1632164767,RU
309,São Francisco do Sul,-48.6381,-26.2433,77.7,77,5,6.91,77.7,1632164671,BR
310,Humaitá,-63.0208,-7.5061,97.95,33,100,2.04,97.95,1632164768,BR
311,Semenivka,32.5818,52.1783,44.22,95,100,13.6,44.22,1632164769,UA
312,Waingapu,120.2641,-9.6567,77.54,78,100,5.91,77.54,1632164770,ID
313,Cururupu,-44.8683,-1.8283,84.97,59,43,6.93,84.97,1632164745,BR
314,Vanavara,102.2797,60.34,46.31,97,100,9.75,46.31,1632164771,RU
315,Kamiiso,140.65,41.8167,60.17,90,25,5.32,60.17,1632164772,JP
316,Preobrazheniye,133.9064,42.9019,60.87,79,100,7.07,60.87,1632164772,RU
317,Quatre Cocos,57.7625,-20.2078,69.04,73,39,17.27,69.04,1632164773,MU
318,Iralaya,-83.2333,15.0,87.89,67,100,6.42,87.89,1632164774,HN
319,Bagdarin,113.6,54.4333,43.72,94,47,1.66,43.72,1632164774,RU
320,Gizo Government Station,156.8419,-8.103,80.58,81,81,10.29,80.58,1632164774,SB
321,Araripe,-40.0461,-7.2125,89.44,24,100,5.17,89.44,1632164776,BR
322,Ziro,93.8333,27.6333,55.76,96,40,1.88,55.76,1632164776,IN
323,Asău,26.4,46.4333,49.12,96,100,4.43,49.12,1632164778,RO
324,Berlevåg,29.0864,70.8578,40.8,70,41,25.3,41.0,1632164778,NO
325,Ubinskoye,79.6802,55.3068,36.23,95,100,10.54,36.23,1632164779,RU
326,Ixtapa,-105.2,20.7,87.03,62,1,3.44,87.03,1632164630,MX
327,Yakeshi,120.7333,49.2833,46.62,79,100,4.68,46.62,1632164780,CN
328,Distrikt Brokopondo,-55.1667,4.75,90.46,49,100,4.43,90.46,1632164781,SR
329,Gibara,-76.1317,21.1097,94.32,59,29,16.37,94.32,1632164781,CU
330,Orlik,99.825,52.5178,36.7,80,9,4.12,36.7,1632164782,RU
331,Manama,50.5832,26.2154,91.38,52,0,5.75,91.38,1632164750,BH
332,Pravdinsk,21.0179,54.4429,51.64,88,6,4.23,51.64,1632164782,RU
333,Naliya,68.8333,23.2667,82.65,82,7,13.42,82.65,1632164783,IN
334,Camaná,-72.7111,-16.6228,63.16,76,77,8.25,63.16,1632164784,PE
335,Cayenne,-52.3333,4.9333,87.84,62,20,10.36,87.84,1632164678,GF
336,Kaitangata,169.8464,-46.2817,45.09,85,100,4.63,45.09,1632164785,NZ
337,Independence,-94.4155,39.0911,82.53,63,1,10.36,84.31,1632164785,US
338,Kargasok,80.8572,59.0556,38.62,96,100,10.96,38.62,1632164786,RU
339,Krasne,24.6134,49.9145,43.95,92,100,10.63,43.95,1632164787,UA
340,Mackay,149.2,-21.15,64.15,89,4,6.46,64.15,1632164788,AU
341,Musoma,33.8,-1.5,74.57,66,6,6.26,74.57,1632164789,TZ
342,Tamiahua,-97.45,21.2667,86.25,70,70,10.6,86.25,1632164790,MX
343,Scarborough,-0.4044,54.2797,54.97,81,100,4.43,60.62,1632164630,GB
344,Avera,-82.5271,33.194,73.74,97,100,12.46,76.51,1632164790,US
345,Samarai,150.6667,-10.6167,76.96,91,100,11.23,76.96,1632164791,PG
346,Lodwar,35.5973,3.1191,89.31,35,6,3.24,89.31,1632164792,KE
347,Vestmannaeyjar,-20.2734,63.4427,49.42,74,100,24.63,49.42,1632164590,IS
348,Airai,125.4092,-8.9266,57.15,66,87,3.94,57.15,1632164793,TL
349,Tricase,18.3553,39.9304,74.62,73,91,6.38,74.62,1632164794,IT
350,Port Hardy,-127.4199,50.6996,51.98,100,90,14.97,51.98,1632164794,CA
351,Hūn,15.9477,29.1268,90.25,17,3,10.71,90.25,1632164790,LY
352,Kiknur,47.2011,57.3034,37.8,70,100,8.88,37.8,1632164795,RU
353,Mercedes,-59.4307,-34.6515,65.39,68,96,14.85,65.39,1632164796,AR
354,Oussouye,-16.5469,12.485,84.16,76,36,6.33,84.16,1632164797,SN
355,Otavi,17.3333,-19.65,79.57,16,27,11.83,79.57,1632164798,NA
356,Lompoc,-120.4579,34.6391,80.15,41,1,6.91,88.11,1632164641,US
357,Ouargaye,0.0572,11.5033,84.16,57,48,2.84,84.16,1632164799,BF
358,Grindavik,-22.4338,63.8424,45.07,93,75,18.41,45.07,1632164799,IS
359,Luoyang,112.4536,34.6836,66.65,72,0,6.71,66.65,1632164774,CN
360,Jacareacanga,-57.7528,-6.2222,98.58,29,100,2.46,98.58,1632164800,BR
361,Vila Franca do Campo,-25.4333,37.7167,70.21,76,23,11.18,70.21,1632164801,PT
362,Nouadhibou,-17.0347,20.931,72.97,79,4,22.82,72.97,1632164802,MR
363,Dewā,81.1667,27.0333,84.2,70,40,3.38,84.2,1632164803,IN
364,Cairns,145.7667,-16.9167,66.15,77,100,10.36,66.15,1632164803,AU
365,Deputatsky,139.9,69.3,18.88,93,51,3.09,18.88,1632164804,RU
366,El Salvador,-88.9167,13.8333,84.6,58,98,0.4,84.6,1632164805,SV
367,Barillas,-91.3158,15.8036,82.74,52,89,6.38,82.74,1632164806,GT
368,Talcahuano,-73.1167,-36.7167,62.28,55,0,18.41,62.28,1632164807,CL
369,Port Said,32.2841,31.2565,81.63,71,0,11.54,81.63,1632164807,EG
370,Gouré,10.2704,13.9835,94.39,15,9,6.78,94.39,1632164807,NE
371,Ilulissat,-51.1,69.2167,27.54,61,100,3.62,27.54,1632164808,GL
372,Dingle,122.6711,10.9995,74.62,95,100,1.5,74.62,1632164809,PH
373,Tuatapere,167.6833,-46.1333,44.74,96,100,4.59,44.74,1632164809,NZ
374,Mayumba,10.6554,-3.432,74.84,83,93,7.58,74.84,1632164810,GA
375,Cabo San Lucas,-109.9124,22.8909,79.11,94,75,9.22,81.7,1632164788,MX
376,Waddān,16.139,29.1614,90.39,17,2,9.53,90.39,1632164811,LY
377,Ostrovnoy,39.5131,68.0531,37.72,78,94,9.64,37.72,1632164812,RU
378,Progreso,-89.6667,21.2833,93.31,59,7,14.54,93.31,1632164812,MX
379,Nizwá,57.5333,22.9333,85.37,50,4,6.02,85.37,1632164647,OM
380,Salalah,54.0924,17.0151,80.69,89,75,8.05,80.69,1632164812,OM
381,Talnakh,88.3972,69.4865,30.43,86,81,4.76,30.43,1632164813,RU
382,Laas,10.7002,46.6166,58.91,94,100,2.71,58.91,1632164813,IT
383,Padang,100.3543,-0.9492,76.86,90,73,3.18,76.86,1632164814,ID
384,Wanlaweyn,44.8938,2.6185,76.98,71,6,17.45,76.98,1632164815,SO
385,Poum,164.0167,-20.2333,71.56,62,98,17.47,71.56,1632164815,NC
386,Kudahuvadhoo,72.8944,2.6708,82.36,76,7,9.82,82.36,1632164816,MV
387,Hearst,-83.6665,49.6835,82.65,53,5,13.56,82.65,1632164640,CA
388,Chumikan,135.315,54.7183,41.04,72,2,6.51,41.04,1632164817,RU
389,Hilişeu-Horia,26.25,48.0333,52.45,74,100,11.48,52.45,1632164818,RO
390,Brae,-1.353,60.3964,55.31,82,100,21.25,55.31,1632164818,GB
391,Jiazi,116.067,22.8779,81.05,84,23,1.12,81.05,1632164819,CN
392,Puerto Limón,-83.0333,10.0,78.69,94,75,3.44,78.69,1632164820,CR
393,Kokopo,152.2633,-4.352,75.34,85,100,6.6,75.34,1632164821,PG
394,Trelew,-65.3051,-43.249,65.95,20,0,8.05,65.95,1632164809,AR
395,Lehi,-111.8508,40.3916,58.48,30,1,3.42,61.38,1632164711,US
396,Pringsewu,104.9744,-5.3582,73.11,97,61,3.76,73.11,1632164822,ID
397,Mondolfo,13.0979,43.7494,68.58,72,60,7.2,68.58,1632164822,IT
398,Manzhouli,117.4333,49.6,49.5,86,100,4.5,49.5,1632164823,CN
399,Chase,-119.6857,50.8165,60.44,57,100,1.79,60.44,1632164623,CA
400,Castro,-50.0119,-24.7911,86.81,39,1,5.12,86.81,1632164766,BR
401,Nyagan,65.3936,62.1406,35.74,84,100,6.53,35.74,1632164824,RU
402,Sanremo,7.7612,43.8182,66.69,69,97,6.73,66.69,1632164825,IT
403,Šalčininkai,25.3833,54.3,41.09,97,100,9.89,41.09,1632164826,LT
404,Leshukonskoye,45.7622,64.8989,33.67,89,16,2.44,33.67,1632164826,RU
405,Krasnosel'kup,82.4667,65.7,30.0,87,100,15.79,30.0,1632164827,RU
406,Mīrābād,61.8383,30.4362,84.52,17,0,13.67,84.52,1632164827,AF
407,Economy,-80.2248,40.6001,82.92,54,75,8.05,85.19,1632164828,US
408,Tynda,124.7167,55.1667,40.42,96,3,1.43,40.42,1632164828,RU
409,Pakokku,95.1,21.3333,78.82,90,100,3.27,78.82,1632164830,MM
410,Chermoz,56.1489,58.787,41.14,69,71,7.78,41.14,1632164831,RU
411,Novaya Igirma,103.9112,57.1334,45.72,94,100,10.76,45.72,1632164831,RU
412,Lālmohan,90.7419,22.3384,81.05,84,100,11.18,81.05,1632164832,BD
413,Fukuechō,128.8419,32.6881,77.11,83,7,14.18,77.11,1632164833,JP
414,Jizan,42.6667,17.3333,89.2,66,88,4.27,89.2,1632164833,SA
415,Chapais,-74.8492,49.7834,75.07,31,31,13.4,75.07,1632164565,CA
416,Bozoum,16.3799,6.3193,70.21,95,100,0.29,70.21,1632164835,CF
417,Severnoye,78.3619,56.3491,36.93,98,100,6.82,36.93,1632164836,RU
418,Alofi,-169.9187,-19.0595,75.99,76,2,6.42,75.99,1632164837,NU
419,Faya,42.4509,18.3851,72.12,28,2,5.57,72.12,1632164837,SA
420,Bilma,12.9164,18.6853,91.47,11,0,4.38,91.47,1632164838,NE
421,Taltal,-70.4833,-25.4,62.71,70,99,7.87,62.71,1632164838,CL
422,Casper,-106.3131,42.8666,55.99,47,75,18.41,55.99,1632164839,US
423,Dalbandin,64.4101,28.8947,81.23,13,0,3.09,81.23,1632164839,PK
424,Redcliffe,153.0973,-27.2307,66.15,72,0,9.22,66.15,1632164839,AU
425,Baruun-Urt,113.2792,46.6806,51.53,87,100,1.19,51.53,1632164840,MN
426,Strezhevoy,77.5889,60.7333,35.58,83,100,13.4,35.58,1632164841,RU
427,Tando Muhammad Khan,68.5358,25.123,83.53,73,5,18.45,83.53,1632164842,PK
428,Byron Bay,153.6167,-28.65,66.15,69,100,7.34,66.15,1632164619,AU
429,Shelopugino,117.5599,51.6514,44.2,88,99,2.68,44.2,1632164843,RU
430,Pombal,-37.8017,-6.7703,97.12,21,59,3.74,97.12,1632164844,BR
431,Gualeguay,-59.3097,-33.1416,69.04,63,20,16.37,69.04,1632164844,AR
432,Pontes e Lacerda,-59.3353,-15.2261,105.1,11,0,7.96,105.1,1632164632,BR
433,Bubaque,-15.8333,11.2833,83.35,78,100,7.87,83.35,1632164845,GW
434,Dicabisagan,122.4157,17.0818,78.57,87,100,1.23,78.57,1632164846,PH
435,Kavaratti,72.642,10.5669,81.7,78,97,11.41,81.7,1632164847,IN
436,Akropong,-0.0854,5.9746,74.07,84,35,4.36,74.07,1632164848,GH
437,Nome,-165.4064,64.5011,35.67,69,40,11.5,35.67,1632164849,US
438,Kousséri,15.0306,12.0769,81.81,65,100,8.61,81.81,1632164849,CM
439,Guanay,-67.8797,-15.4975,93.47,37,100,3.44,93.47,1632164850,BO
440,Doka,35.7667,13.5167,79.36,66,7,3.06,79.36,1632164851,SD
441,Mayo,-76.5119,38.8876,78.12,47,40,6.91,79.21,1632164852,US
442,Krasnovishersk,57.082,60.4078,31.84,95,10,3.96,31.84,1632164853,RU
443,Bella Vista,-94.2316,36.4295,91.42,42,1,12.66,92.32,1632164853,US
444,Khovd,91.6419,48.0056,48.83,21,0,9.51,48.83,1632164854,MN
445,Constitución,-72.4167,-35.3333,59.63,53,0,15.37,59.63,1632164855,CL
446,Virginia Beach,-75.978,36.8529,78.3,61,75,11.5,82.62,1632164632,US
447,Maragogi,-35.2225,-9.0122,78.19,69,45,8.01,78.19,1632164856,BR
448,Bucerías,-105.3333,20.75,87.78,62,1,3.44,87.78,1632164650,MX
449,Korla,86.1469,41.7597,75.69,20,71,13.31,75.69,1632164857,CN
450,Kosa,54.9977,59.9445,32.09,89,24,3.24,32.09,1632164858,RU
451,Saint-Pierre,55.4781,-21.3393,67.68,73,20,17.27,67.68,1632164858,RE
452,Londoko,131.9833,49.0333,43.79,78,100,2.42,43.79,1632164859,RU
453,Puyang,119.8861,29.4603,71.13,98,24,1.52,71.13,1632164860,CN
454,Manaus,-60.025,-3.1019,84.69,74,40,8.05,84.69,1632164807,BR
455,Slave Lake,-114.769,55.2834,56.05,53,21,10.47,56.05,1632164861,CA
456,Usinsk,57.5281,65.9939,36.21,85,100,11.41,36.21,1632164862,RU
457,Guarapari,-40.4975,-20.6667,80.49,73,14,11.39,80.49,1632164862,BR
458,Nurota,65.6886,40.5614,64.49,24,0,7.87,64.49,1632164863,UZ
459,Capão da Canoa,-50.0097,-29.7456,70.9,88,33,3.65,70.9,1632164863,BR
460,Kuala Terengganu,103.1408,5.3302,78.85,84,100,5.23,78.85,1632164864,MY
461,Sisimiut,-53.6735,66.9395,34.29,67,100,3.56,34.29,1632164864,GL
462,Colac,143.5833,-38.3333,40.77,88,58,9.08,40.77,1632164865,AU
463,Sobolevo,31.8996,54.4299,43.2,97,100,10.47,43.2,1632164865,RU
464,Atar,-13.0499,20.5169,98.87,22,0,13.53,98.87,1632164867,MR
465,Karratha,116.8463,-20.7377,79.79,19,100,27.02,79.79,1632164867,AU
466,Sorong,131.25,-0.8833,78.08,85,100,3.98,78.08,1632164868,ID
467,Santa Fe,-60.7,-31.6333,77.31,40,11,15.41,77.31,1632164605,AR
468,Assiniboia,-105.9845,49.6334,59.7,34,7,16.46,59.7,1632164869,CA
469,Coyhaique,-72.0662,-45.5752,55.35,47,20,6.91,56.01,1632164870,CL
470,Matara,80.5353,5.9485,78.15,89,67,8.25,78.15,1632164871,LK
471,‘Āhuimanu,-157.8378,21.4447,79.38,67,75,11.5,83.91,1632164871,US
472,Ust-Tsilma,52.1498,65.441,34.07,90,94,3.53,34.07,1632164871,RU
473,Bouar,15.596,5.934,66.56,94,68,2.62,66.56,1632164872,CF
474,Gătaia,21.43,45.4311,53.28,77,100,4.68,53.28,1632164872,RO
475,Kuito,16.9333,-12.3833,71.47,34,58,3.24,71.47,1632164873,AO
476,Tahe,124.7333,52.3333,44.62,93,9,1.57,44.62,1632164874,CN
477,Tigil',158.6667,57.8,46.38,96,100,9.69,46.38,1632164874,RU
478,Neuquén,-68.0591,-38.9516,67.89,28,0,9.22,67.89,1632164875,AR
479,Rio Rancho,-106.6645,35.2334,80.73,21,1,12.66,83.84,1632164876,US
480,Carutapera,-46.02,-1.195,85.24,61,24,11.03,85.24,1632164876,BR
481,Severiano Melo,-37.9578,-5.7772,96.94,23,22,7.45,96.94,1632164877,BR
482,Wattegama,81.4808,6.7989,76.12,89,85,6.15,76.12,1632164878,LK
483,Plettenberg Bay,23.3716,-34.0527,56.14,64,100,19.46,56.14,1632164879,ZA
484,Mana,-53.7767,5.6592,85.8,66,34,11.27,85.8,1632164880,GF
485,Tateyama,139.8667,34.9833,69.82,79,7,12.19,69.82,1632164880,JP
486,Amio,122.9413,9.3571,73.4,92,86,1.88,73.4,1632164881,PH
487,Bowen,148.2333,-20.0167,64.02,88,35,4.09,64.02,1632164882,AU
488,San Cristobal,-72.225,7.7669,82.58,56,92,5.59,82.58,1632164883,VE
489,Ekhabi,142.9671,53.5102,42.84,74,8,10.54,42.84,1632164884,RU
490,Omboué,9.2618,-1.5746,75.24,83,99,7.07,75.24,1632164884,GA
491,Broome,-75.833,42.2506,73.8,53,1,5.75,77.58,1632164885,US
492,Buchanan,-10.0467,5.8808,77.76,82,9,4.52,77.76,1632164886,LR
493,Sangar,127.4739,63.9242,31.33,94,9,0.72,31.33,1632164887,RU
494,Cherskiy,161.3,68.75,23.25,82,67,7.34,23.25,1632164888,RU
495,Lugoba,38.3333,-6.45,71.29,77,0,4.63,71.29,1632164889,TZ
496,Le Pradet,6.0172,43.1066,71.29,49,0,4.61,72.19,1632164889,FR
497,Itamaracá,-34.8256,-7.7478,78.85,62,68,11.34,81.28,1632164890,BR
498,Port Hedland,118.5667,-20.3167,78.85,13,100,14.97,78.85,1632164890,AU
499,Tucuruí,-49.6725,-3.7661,94.28,35,100,3.09,94.28,1632164891,BR
500,Jutaí,-68.9,-5.1833,89.1,53,90,1.59,89.1,1632164892,BR
501,Chara,118.2631,56.9064,45.19,71,19,0.65,45.19,1632164893,RU
502,Sivas Province,37.0019,39.7916,54.23,58,0,2.3,54.23,1632164894,TR
503,Lagos,3.75,6.5833,77.4,88,45,4.88,77.4,1632164786,NG
504,Watford,-0.396,51.6553,62.33,72,0,4.61,63.93,1632164895,GB
505,Bukama,25.85,-9.2,82.65,26,0,1.36,82.65,1632164895,CD
506,Khuzdar,66.6434,27.7384,82.45,44,3,6.98,82.45,1632164896,PK
507,Le Port,55.2919,-20.9373,67.96,76,50,4.59,68.0,1632164897,RE
508,Esmeraldas,-44.3139,-19.7625,86.86,20,27,3.04,86.86,1632164898,BR
509,Puerto Rico,-55.024,-26.796,101.25,22,0,5.59,101.25,1632164898,AR
510,Tamandaré,-35.1047,-8.7597,78.75,65,54,8.23,78.75,1632164899,BR
511,Olafsvik,-23.7142,64.8945,44.82,80,88,13.49,44.82,1632164900,IS
512,Ōdachō-ōda,132.5,35.1833,68.88,87,3,9.66,68.88,1632164901,JP
513,Luanda,13.2343,-8.8368,72.05,87,2,13.58,72.05,1632164772,AO
514,Torbat-e Jām,60.6225,35.244,70.45,26,0,8.34,70.45,1632164775,IR
515,Fairbanks,-147.7164,64.8378,35.56,69,90,5.75,35.56,1632164902,US
516,Mahon,4.2658,39.8885,72.16,73,75,5.75,72.16,1632164903,ES
517,Patacamaya,-67.9167,-17.2333,61.21,30,85,16.82,61.21,1632164903,BO
518,Freeport,-73.5832,40.6576,74.5,64,75,11.5,77.02,1632164857,US
519,Rodrigues Alves,-72.6509,-7.738,93.54,42,100,0.54,93.54,1632164904,BR
520,Shimoda,138.95,34.6667,69.04,80,36,14.88,69.04,1632164905,JP
521,Lewiston,-70.2148,44.1003,68.25,60,1,6.91,72.23,1632164803,US
522,Seymchan,152.4333,62.8833,28.89,96,100,9.19,28.89,1632164906,RU
523,Flin Flon,-101.865,54.7682,50.18,51,100,10.6,50.18,1632164907,CA
524,Cascais,-9.4215,38.6979,68.95,64,0,21.85,70.95,1632164907,PT
525,Riverton,-111.9391,40.5219,58.32,51,1,8.05,61.84,1632164908,US
526,Paamiut,-49.6678,61.994,36.27,76,7,32.26,36.27,1632164909,GL
527,Nālūt,10.85,30.3333,87.31,16,0,7.05,87.31,1632164909,LY
528,Mossamedes,12.1522,-15.1961,63.18,81,10,3.78,63.18,1632164910,AO
529,Wenling,121.36,28.3669,75.72,96,28,9.89,75.72,1632164759,CN
530,Kieta,155.6333,-6.2167,77.65,79,100,2.08,77.65,1632164911,PG
531,Dabou,-4.3769,5.3256,78.6,88,52,6.44,78.6,1632164912,CI
532,Villa Carlos Paz,-64.4978,-31.4241,60.08,68,88,15.97,60.08,1632164912,AR
533,Clyde River,-68.5914,70.4692,32.54,57,67,10.78,32.54,1632164912,CA
534,Banda Aceh,95.3222,5.5577,78.64,80,97,8.7,78.64,1632164913,ID
535,Barsovo,73.1667,61.1667,37.53,78,100,12.46,37.53,1632164914,RU
536,Zyryanka,150.85,65.75,27.39,95,100,16.28,27.39,1632164914,RU
537,Encruzilhada,-40.9094,-15.5314,84.78,38,77,11.14,84.78,1632164916,BR
538,Berbera,45.0143,10.4396,92.8,50,39,3.96,92.8,1632164917,SO
539,Tshikapa,20.8,-6.4167,83.46,37,100,2.57,83.46,1632164917,CD
540,Formosa,-58.1781,-26.1775,107.67,13,7,9.93,107.67,1632164918,AR
541,Saint-Augustin,-58.6502,51.226,58.41,27,0,4.7,58.41,1632164919,CA
542,Ulaanbaatar,106.8832,47.9077,39.33,93,0,0.0,39.33,1632164640,MN
543,Cap Malheureux,57.6142,-19.9842,70.45,72,33,21.34,70.45,1632164920,MU
544,Sitka,-135.33,57.0531,55.29,71,90,25.32,55.29,1632164921,US
545,Mahon,4.2658,39.8885,72.16,73,75,5.75,72.16,1632164869,ES
546,Saa,11.45,4.3667,70.09,97,100,3.4,70.09,1632164922,CM
547,Maxixe,35.3472,-23.8597,71.42,68,20,13.8,71.42,1632164922,MZ
548,Zharkent,80.0,44.1628,57.18,34,9,4.14,57.18,1632164923,KZ
549,Yar-Sale,70.8333,66.8333,36.05,90,99,12.41,36.05,1632164924,RU
550,Pangoa,-73.0,-12.1167,94.44,28,22,5.53,94.44,1632164925,PE
551,Dubbo,148.6167,-32.25,41.13,75,42,12.66,41.13,1632164652,AU
552,Verkhnyaya Inta,60.3094,65.9811,35.8,88,100,10.98,35.8,1632164926,RU
553,Iberia,-91.7507,29.9502,84.2,61,1,6.91,85.96,1632164926,US
554,Canto do Buriti,-42.9444,-8.11,100.09,17,100,5.86,100.09,1632164927,BR
555,Mildura,142.15,-34.2,37.36,87,0,8.05,37.36,1632164928,AU
556,Tautira,-149.15,-17.7333,78.82,72,28,12.93,78.82,1632164929,PF
557,Gamba,10.0,-2.65,75.02,80,91,5.39,75.02,1632164930,GA
558,Barbastro,0.1269,42.0356,63.14,64,37,5.91,64.58,1632164930,ES
559,Anshun,105.9333,26.25,61.75,91,0,1.25,61.75,1632164931,CN
560,Burnie,145.9167,-41.0667,43.23,79,74,8.81,43.23,1632164932,AU
561,Gospić,15.3747,44.5461,56.89,93,32,6.85,56.89,1632164933,HR
562,Hambantota,81.1185,6.1241,77.34,100,20,2.3,77.34,1632164934,LK
563,Namatanai,152.4333,-3.6667,77.92,83,79,4.63,77.92,1632164934,PG
564,Jati,68.2671,24.3539,83.55,76,0,17.31,83.55,1632164935,PK
565,Shingū,135.9833,33.7333,74.1,73,83,11.86,74.1,1632164936,JP
566,Singkang,102.7994,2.1006,74.59,91,100,1.48,74.59,1632164937,MY
567,San Antero,-75.7589,9.3741,83.91,75,76,7.56,83.91,1632164785,CO
568,Norashen,44.5895,39.9996,74.73,37,6,2.35,74.73,1632164938,AM
569,Clearlake,-122.6264,38.9582,77.7,10,0,10.09,77.7,1632164939,US
570,Charlton,-71.9701,42.1357,70.43,52,40,3.44,72.14,1632164939,US
571,Edd,41.6925,13.9297,88.3,68,100,7.52,88.3,1632164939,ER
